COUNTRY,ISO3,WHO_REGION,DATA_SOURCE,DATE_UPDATED,TOTAL_VACCINATIONS,PERSONS_VACCINATED_1PLUS_DOSE,TOTAL_VACCINATIONS_PER100,PERSONS_VACCINATED_1PLUS_DOSE_PER100,VACCINES_USED,FIRST_VACCINE_DATE,NUMBER_VACCINES_TYPES_USED
Qatar,QAT,EMRO,OWID,2021-04-18,1248229,,43.325,,Pfizer BioNTech - Comirnaty,,1
American Samoa,ASM,WPRO,REPORTING,2021-04-18,35972,20248,65.17,36.683,Pfizer BioNTech - Comirnaty,2020-12-21,1
Spain,ESP,EURO,REPORTING,2021-04-11,11598499,8476995,24.5,17.909,"AstraZeneca - AZD1222,Moderna - mRNA-1273,Pfizer BioNTech - Comirnaty",2020-12-30,3
Czechia,CZE,EURO,REPORTING,2021-04-11,2095121,1374559,19.6,12.854,"AstraZeneca - AZD1222,Moderna - mRNA-1273,Pfizer BioNTech - Comirnaty",2020-12-23,3
Montserrat,MSR,AMRO,REPORTING,2021-04-16,1751,1284,35.027,25.685,AstraZeneca - AZD1222,2021-02-08,1
Peru,PER,AMRO,REPORTING,2021-04-16,1048575,603331,3.18,1.83,"Beijing CNBG - Inactivated,Pfizer BioNTech - Comirnaty,Wuhan CNBG - Inactivated",2021-02-09,3
Belize,BLZ,AMRO,REPORTING,2021-04-16,32150,32150,8.085,8.085,"AstraZeneca - AZD1222,SII - Covishield",2021-03-01,2
Niger,NER,AFRO,REPORTING,2021-04-19,7946,7946,0.033,0.033,"Beijing CNBG - Inactivated,SII - Covishield",2021-03-29,2
Greenland,GRL,EURO,OWID,2021-04-16,10567,6270,18.613,11.044,Pfizer BioNTech - Comirnaty,,1
Albania,ALB,EURO,REPORTING,2021-03-21,24421,20754,0.8,0.721,"AstraZeneca - AZD1222,Pfizer BioNTech - Comirnaty",2021-01-13,2
Oman,OMN,EMRO,REPORTING,2021-04-05,180203,,3.529,,"AstraZeneca - AZD1222,Pfizer BioNTech - Comirnaty,SII - Covishield",2020-12-29,3
Jersey,JEY,EURO,OWID,2021-04-11,70859,45585,65.734,42.288,"AstraZeneca - AZD1222, Pfizer BioNTech - Comirnaty",,2
Rwanda,RWA,AFRO,REPORTING,2021-04-19,350926,348926,2.709,2.694,"Moderna - mRNA-1273,Pfizer BioNTech - Comirnaty,SII - Covishield",2021-02-14,3
Kosovo,XKX,EURO,OWID,2021-04-14,2500,2500,0.1,0.139,,,
Papua New Guinea,PNG,WPRO,REPORTING,2021-04-17,1508,1508,0.017,0.017,"AstraZeneca - AZD1222,Beijing CNBG - Inactivated,SII - Covishield",2021-03-30,3
Gabon,GAB,AFRO,REPORTING,2021-04-19,5762,5362,0.259,0.241,Beijing CNBG - Inactivated,2021-03-23,1
Belgium,BEL,EURO,REPORTING,2021-04-11,2527767,1900850,21.9,16.497,"AstraZeneca - AZD1222,Moderna - mRNA-1273,Pfizer BioNTech - Comirnaty",2020-12-30,3
Bahamas,BHS,AMRO,REPORTING,2021-04-16,7000,7000,1.78,1.78,"AstraZeneca - AZD1222,SII - Covishield",2021-03-14,2
Romania,ROU,EURO,REPORTING,2021-04-11,3705075,2290710,19.2,11.851,"AstraZeneca - AZD1222,Moderna - mRNA-1273,Pfizer BioNTech - Comirnaty",2021-01-27,3
Cambodia,KHM,WPRO,REPORTING,2021-04-17,1541896,1241947,9.222,7.428,"Beijing CNBG - Inactivated,SII - Covishield,Sinovac - CoronaVac",2021-02-10,3
Morocco,MAR,EMRO,REPORTING,2021-04-19,8841456,,23.954,,"AstraZeneca - AZD1222,Beijing CNBG - Inactivated,Gamaleya - Sputnik V,Janssen - Ad26.COV 2.5",2021-01-28,4
Paraguay,PRY,AMRO,REPORTING,2021-04-16,74340,64215,1.042,0.9,"AstraZeneca - AZD1222,Beijing CNBG - Inactivated,Bharat - Covaxin,Gamaleya - Sputnik V,Sinovac - CoronaVac",2021-02-22,5
France,FRA,EURO,REPORTING,2021-04-11,14536712,10814693,21.6,16.065,"AstraZeneca - AZD1222,Moderna - mRNA-1273,Pfizer BioNTech - Comirnaty",2020-12-23,3
Wallis and Futuna,WLF,WPRO,REPORTING,2021-04-19,4019,4019,35.737,35.737,Moderna - mRNA-1273,2021-03-19,1
Jamaica,JAM,AMRO,REPORTING,2021-04-16,135473,135473,4.575,4.575,"AstraZeneca - AZD1222,SII - Covishield",2021-03-10,2
Ireland,IRL,EURO,REPORTING,2021-04-11,1061820,747606,21.4,15.059,"AstraZeneca - AZD1222,Moderna - mRNA-1273,Pfizer BioNTech - Comirnaty",2020-12-23,3
Puerto Rico,PRI,AMRO,REPORTING,2021-04-16,1468470,938058,51.33,32.789,"Janssen - Ad26.COV 2.5,Moderna - mRNA-1273,Pfizer BioNTech - Comirnaty",,3
Chile,CHL,AMRO,REPORTING,2021-04-16,12726959,7600908,66.577,39.762,"Pfizer BioNTech - Comirnaty,Sinovac - CoronaVac",2020-12-21,2
Tajikistan,TJK,EURO,REPORTING,2021-04-11,28345,28345,0.3,0.297,AstraZeneca - AZD1222,2021-04-07,1
Hungary,HUN,EURO,REPORTING,2021-04-11,4106818,2891331,42,29.595,"AstraZeneca - AZD1222,Beijing CNBG - Inactivated,Gamaleya - Sputnik V,Moderna - mRNA-1273,Pfizer BioNTech - Comirnaty,Sinovac - CoronaVac",2020-12-23,6
Belarus,BLR,EURO,REPORTING,2021-04-11,169612,128258,1.8,1.357,Gamaleya - Sputnik V,2021-02-03,1
Sri Lanka,LKA,SEARO,REPORTING,2021-04-10,927711,927711,4.332,4.332,"Beijing CNBG - Inactivated,Gamaleya - Sputnik V,SII - Covishield",2021-01-29,3
Comoros,COM,AFRO,REPORTING,2021-04-19,11219,11219,1.29,1.29,"Beijing CNBG - Inactivated,Bharat - Covaxin",2021-04-10,2
Myanmar,MMR,SEARO,REPORTING,2021-02-04,105490,105490,0.194,0.194,SII - Covishield,2021-01-27,1
Portugal,PRT,EURO,REPORTING,2021-04-11,2220611,1588315,21.6,15.427,"AstraZeneca - AZD1222,Moderna - mRNA-1273,Pfizer BioNTech - Comirnaty",2020-12-23,3
Costa Rica,CRI,AMRO,REPORTING,2021-04-16,586799,354291,11.519,6.955,"AstraZeneca - AZD1222,Pfizer BioNTech - Comirnaty",,2
Lesotho,LSO,AFRO,REPORTING,2021-04-19,15818,15818,0.738,0.738,SII - Covishield,2021-03-10,1
Ethiopia,ETH,AFRO,REPORTING,2021-04-19,507380,507380,0.441,0.441,"Bharat - Covaxin,SII - Covishield",2021-03-13,2
Libya,LBY,EMRO,REPORTING,2021-04-11,743,,0.011,,"AstraZeneca - AZD1222,Janssen - Ad26.COV 2.5,Moderna - mRNA-1273,Pfizer BioNTech - Comirnaty",2021-04-11,4
Maldives,MDV,SEARO,REPORTING,2021-04-11,290461,271453,53.735,50.218,"Beijing CNBG - Inactivated,Pfizer BioNTech - Comirnaty,SII - Covishield",2021-02-01,3
Palau,PLW,WPRO,REPORTING,2021-03-28,13334,8353,73.701,46.17,"Janssen - Ad26.COV 2.5,Moderna - mRNA-1273",2021-01-03,2
Uzbekistan,UZB,EURO,OWID,2021-04-14,148642,148642,0.4,0.444,AstraZeneca - AZD1222,,1
United Arab Emirates,ARE,EMRO,OWID,2021-04-18,9630200,,97.369,,"AstraZeneca - AZD1222, Pfizer BioNTech - Comirnaty, Beijing CNBG - Inactivated, Wuhan CNBG - Inactivated, Gamaleya - Sputnik V",,5
Zambia,ZMB,AFRO,OWID,2021-04-18,1316,1316,0.007,0.007,AstraZeneca - AZD1222,,1
Congo,COG,AFRO,REPORTING,2021-04-19,16975,14313,0.308,0.259,"Beijing CNBG - Inactivated,Gamaleya - Sputnik V,Moderna - mRNA-1273,SII - Covishield",2021-03-23,4
United States of America,USA,AMRO,REPORTING,2021-04-16,202553704,130021859,61.194,39.281,"Janssen - Ad26.COV 2.5,Moderna - mRNA-1273,Pfizer BioNTech - Comirnaty",2020-12-14,3
British Virgin Islands,VGB,AMRO,REPORTING,2021-04-16,8374,8362,27.695,27.655,AstraZeneca - AZD1222,2021-02-11,1
Gibraltar,GIB,EURO,OWID,2021-04-16,66232,35830,196.587,106.349,Pfizer BioNTech - Comirnaty,,1
Brazil,BRA,AMRO,REPORTING,2021-04-16,32394085,24396145,15.24,11.477,"AstraZeneca - AZD1222,Pfizer BioNTech - Comirnaty,SII - Covishield,Sinovac - CoronaVac",2021-01-17,4
Trinidad and Tobago,TTO,AMRO,REPORTING,2021-04-16,12725,12725,0.909,0.909,"AstraZeneca - AZD1222,SII - Covishield",2021-02-17,2
Jordan,JOR,EMRO,REPORTING,2021-04-18,696449,,6.826,,"AstraZeneca - AZD1222,Beijing CNBG - Inactivated,Gamaleya - Sputnik V,Janssen - Ad26.COV 2.5,Pfizer BioNTech - Comirnaty",2021-01-13,5
Turkmenistan,TKM,EURO,REPORTING,2021-04-04,41993,32240,0.7,0.535,"AstraZeneca - AZD1222,Beijing CNBG - Inactivated,Gamaleya - Sputnik V,SRCVB - EpiVacCorona",2021-03-31,4
Barbados,BRB,AMRO,REPORTING,2021-04-16,66211,66069,23.04,22.991,"AstraZeneca - AZD1222,SII - Covishield",2021-02-10,2
Gambia,GMB,AFRO,REPORTING,2021-04-19,18428,18428,0.763,0.763,"Beijing CNBG - Inactivated,SII - Covishield",2021-03-10,2
Luxembourg,LUX,EURO,REPORTING,2021-04-11,130279,96054,20.8,15.341,"AstraZeneca - AZD1222,Moderna - mRNA-1273,Pfizer BioNTech - Comirnaty",2020-12-23,3
Bonaire,XAA,AMRO,REPORTING,2021-04-16,13460,10072,64.356,48.157,,,
Slovenia,SVN,EURO,REPORTING,2021-04-11,453856,332064,21.7,15.844,"AstraZeneca - AZD1222,Moderna - mRNA-1273,Pfizer BioNTech - Comirnaty",2020-12-23,3
Greece,GRC,EURO,REPORTING,2021-04-11,2166072,1433012,20.2,13.369,"AstraZeneca - AZD1222,Moderna - mRNA-1273,Pfizer BioNTech - Comirnaty",2020-12-23,3
Micronesia (Federated States of),FSM,WPRO,REPORTING,2021-03-28,23778,14521,20.672,12.624,"AstraZeneca - AZD1222,Pfizer BioNTech - Comirnaty",2021-01-13,2
Dominica,DMA,AMRO,REPORTING,2021-04-16,18292,17831,25.409,24.768,"AstraZeneca - AZD1222,Beijing CNBG - Inactivated,SII - Covishield",2021-02-12,3
Liberia,LBR,AFRO,REPORTING,2021-04-19,2573,2573,0.051,0.051,SII - Covishield,2021-04-01,1
Zimbabwe,ZWE,AFRO,REPORTING,2021-04-19,285881,252932,1.923,1.702,Beijing CNBG - Inactivated,2021-02-18,1
Marshall Islands,MHL,WPRO,REPORTING,2021-03-28,19871,12381,33.569,20.916,Pfizer BioNTech - Comirnaty,2021-01-13,1
Saudi Arabia,SAU,EMRO,REPORTING,2021-04-18,7074559,,20.321,,"AstraZeneca - AZD1222,Moderna - mRNA-1273,Pfizer BioNTech - Comirnaty",2021-01-06,3
Panama,PAN,AMRO,REPORTING,2021-04-16,551046,337116,12.771,7.813,Pfizer BioNTech - Comirnaty,2021-01-20,1
Malta,MLT,EURO,REPORTING,2021-04-11,215801,148827,41.9,28.923,"AstraZeneca - AZD1222,Moderna - mRNA-1273,Pfizer BioNTech - Comirnaty",2020-12-23,3
Bosnia and Herzegovina,BIH,EURO,OWID,2021-04-09,15000,,0.5,,"AstraZeneca - AZD1222, Pfizer BioNTech - Comirnaty, Gamaleya - Sputnik V",,3
French Guiana,GUF,AMRO,REPORTING,2021-04-16,21136,13963,7.076,4.675,,,
Saint Helena,SHN,AFRO,OWID,2021-03-25,3653,3546,60.171,58.409,AstraZeneca - AZD1222,,1
Honduras,HND,AMRO,REPORTING,2021-04-16,58455,55705,0.59,0.562,"AstraZeneca - AZD1222,Moderna - mRNA-1273",2021-02-26,2
Bhutan,BTN,SEARO,REPORTING,2021-04-11,474303,474303,61.469,61.469,"Pfizer BioNTech - Comirnaty,SII - Covishield",2021-03-27,2
Algeria,DZA,AFRO,REPORTING,2021-04-19,,,,,"Beijing CNBG - Inactivated,Gamaleya - Sputnik V,SII - Covishield",2021-01-30,3
Iran (Islamic Republic of),IRN,EMRO,REPORTING,2021-04-19,542779,,0.646,,"AstraZeneca - AZD1222,Beijing CNBG - Inactivated,Bharat - Covaxin,Gamaleya - Sputnik V",2021-02-09,4
Ghana,GHA,AFRO,REPORTING,2021-04-19,742349,742349,2.389,2.389,SII - Covishield,2021-03-02,1
Germany,DEU,EURO,REPORTING,2021-04-11,18284633,13241116,22,15.921,"AstraZeneca - AZD1222,Moderna - mRNA-1273,Pfizer BioNTech - Comirnaty",2020-12-23,3
Italy,ITA,EURO,REPORTING,2021-04-11,12982448,9068685,21.8,15.206,"AstraZeneca - AZD1222,Moderna - mRNA-1273,Pfizer BioNTech - Comirnaty",2020-12-23,3
Guadeloupe,GLP,AMRO,REPORTING,2021-04-16,32174,,8.041,,,,
The United Kingdom,GBR,EURO,OWID,2021-04-14,39846781,32190576,58.7,47.419,"AstraZeneca - AZD1222,Moderna - mRNA-1273,Pfizer BioNTech - Comirnaty",2020-12-21,3
Netherlands,NLD,EURO,REPORTING,2021-04-11,3784016,2942911,21.7,16.906,"AstraZeneca - AZD1222,Moderna - mRNA-1273,Pfizer BioNTech - Comirnaty",2020-12-23,3
Isle of Man,IMN,EURO,OWID,2021-04-18,65085,49608,76.542,58.34,"AstraZeneca - AZD1222, Pfizer BioNTech - Comirnaty",,2
Antigua and Barbuda,ATG,AMRO,REPORTING,2021-04-16,28027,28027,28.62,28.62,"AstraZeneca - AZD1222,SII - Covishield",2021-02-19,2
Sint Maarten,SXM,AMRO,REPORTING,2021-04-16,16395,11170,38.233,26.048,"AstraZeneca - AZD1222,Moderna - mRNA-1273,Pfizer BioNTech - Comirnaty",2021-02-22,3
Lithuania,LTU,EURO,REPORTING,2021-04-11,647087,473071,23.2,16.931,"AstraZeneca - AZD1222,Moderna - mRNA-1273,Pfizer BioNTech - Comirnaty",2020-12-23,3
Argentina,ARG,AMRO,REPORTING,2021-04-16,6093016,5305604,13.481,11.739,"AstraZeneca - AZD1222,Beijing CNBG - Inactivated,Gamaleya - Sputnik V,SII - Covishield",2020-12-29,4
Namibia,NAM,AFRO,REPORTING,2021-04-19,3587,3587,0.141,0.141,Beijing CNBG - Inactivated,2021-03-19,1
Botswana,BWA,AFRO,REPORTING,2021-04-19,43575,43575,1.853,1.853,SII - Covishield,2021-03-26,1
India,IND,SEARO,REPORTING,2021-04-11,104365035,91433652,7.563,6.626,"Bharat - Covaxin,SII - Covishield",2021-01-16,2
Finland,FIN,EURO,REPORTING,2021-04-11,1231587,1136344,22.3,20.566,"AstraZeneca - AZD1222,Moderna - mRNA-1273,Pfizer BioNTech - Comirnaty",2020-12-23,3
Equatorial Guinea,GNQ,AFRO,REPORTING,2021-04-19,32884,27579,2.344,1.966,"Beijing CNBG - Inactivated,Sinovac - CoronaVac",2021-02-12,2
Guernsey,GGY,EURO,OWID,2021-04-16,43007,31538,66.711,48.92,"AstraZeneca - AZD1222, Pfizer BioNTech - Comirnaty",,2
Venezuela (Bolivarian Republic of),VEN,AMRO,REPORTING,2021-03-12,,,,,"Beijing CNBG - Inactivated,Gamaleya - Sputnik V,Wuhan CNBG - Inactivated",2021-02-18,3
Sierra Leone,SLE,AFRO,REPORTING,2021-04-19,40855,40855,0.512,0.512,SII - Covishield,2021-03-15,1
Kyrgyzstan,KGZ,EURO,OWID,2021-04-12,849,849,0,0.013,Beijing CNBG - Inactivated,,1
Indonesia,IDN,SEARO,REPORTING,2021-04-11,15151462,10049541,5.539,3.674,"SII - Covishield,Sinovac - CoronaVac",2021-01-13,2
El Salvador,SLV,AMRO,REPORTING,2021-04-16,356550,352157,5.497,5.429,"AstraZeneca - AZD1222,Pfizer BioNTech - Comirnaty,Sinovac - CoronaVac",2021-02-17,3
Mexico,MEX,AMRO,REPORTING,2021-04-16,10581915,7627232,8.207,5.916,"AstraZeneca - AZD1222,CanSino - Ad5-nCOV,Gamaleya - Sputnik V,Pfizer BioNTech - Comirnaty,Sinovac - CoronaVac",,5
Mali,MLI,AFRO,REPORTING,2021-04-19,36047,36047,0.178,0.178,SII - Covishield,2021-03-31,1
Sweden,SWE,EURO,REPORTING,2021-04-11,2118856,1494282,20.5,14.469,"AstraZeneca - AZD1222,Moderna - mRNA-1273,Pfizer BioNTech - Comirnaty",2020-12-23,3
Republic of Korea,KOR,WPRO,REPORTING,2021-04-18,1573088,1512503,3.068,2.95,"AstraZeneca - AZD1222,Janssen - Ad26.COV 2.5,Moderna - mRNA-1273,Novavax - Covavax,Pfizer BioNTech - Comirnaty",2021-02-26,5
Solomon Islands,SLB,WPRO,REPORTING,2021-04-01,2622,2622,0.382,0.382,"Beijing CNBG - Inactivated,SII - Covishield",2021-03-22,2
French Polynesia,PYF,WPRO,REPORTING,2021-04-20,48783,31825,17.366,11.329,Pfizer BioNTech - Comirnaty,2021-01-18,1
Bangladesh,BGD,SEARO,REPORTING,2021-04-11,6010824,5627107,3.65,3.417,"Pfizer BioNTech - Comirnaty,SII - Covishield",2021-01-27,2
Angola,AGO,AFRO,REPORTING,2021-04-19,351729,351729,1.07,1.07,SII - Covishield,2021-03-10,1
Guinea-Bissau,GNB,AFRO,REPORTING,2021-04-19,5877,5877,0.299,0.299,SII - Covishield,2021-04-02,1
Nepal,NPL,SEARO,REPORTING,2021-03-23,1758333,1758333,6.035,6.035,"Beijing CNBG - Inactivated,Bharat - Covaxin,SII - Covishield",2021-01-27,3
New Zealand,NZL,WPRO,REPORTING,2021-04-19,172575,133057,3.579,2.759,"AstraZeneca - AZD1222,Janssen - Ad26.COV 2.5,Novavax - Covavax,Pfizer BioNTech - Comirnaty",2021-02-19,4
Brunei Darussalam,BRN,WPRO,REPORTING,2021-03-20,2323,2323,0.531,0.531,"AstraZeneca - AZD1222,Beijing CNBG - Inactivated,Janssen - Ad26.COV 2.5,Moderna - mRNA-1273,Pfizer BioNTech - Comirnaty",2021-04-03,5
Bulgaria,BGR,EURO,REPORTING,2021-04-11,572665,459409,8.2,6.609,"AstraZeneca - AZD1222,Moderna - mRNA-1273,Pfizer BioNTech - Comirnaty",2020-12-23,3
Bahrain,BHR,EMRO,OWID,2021-04-18,1077488,602644,63.323,35.417,"AstraZeneca - AZD1222, Pfizer BioNTech - Comirnaty, Beijing CNBG - Inactivated, Gamaleya - Sputnik V",,4
Russian Federation,RUS,EURO,OWID,2021-04-15,14108341,8692848,9.7,5.957,"SRCVB - EpiVacCorona, Gamaleya - Sputnik V",,2
Somalia,SOM,EMRO,REPORTING,2021-04-20,118034,,0.743,,SII - Covishield,2021-03-16,1
South Africa,ZAF,AFRO,REPORTING,2021-04-19,182983,182983,0.309,0.309,Janssen - Ad26.COV 2.5,2021-02-17,1
Viet Nam,VNM,WPRO,REPORTING,2021-04-16,62415,62415,0.064,0.064,"AstraZeneca - AZD1222,Gamaleya - Sputnik V",2021-03-08,2
Turks and Caicos Islands,TCA,AMRO,REPORTING,2021-04-16,27122,15039,70.05,38.842,Pfizer BioNTech - Comirnaty,2021-01-11,1
Uruguay,URY,AMRO,REPORTING,2021-04-16,1267396,1007488,36.485,29.003,"AstraZeneca - AZD1222,Pfizer BioNTech - Comirnaty,Sinovac - CoronaVac",2021-02-17,3
Guinea,GIN,AFRO,REPORTING,2021-04-19,109296,81429,0.832,0.62,"Beijing CNBG - Inactivated,Gamaleya - Sputnik V,Pfizer BioNTech - Comirnaty,SII - Covishield",2021-03-05,4
Syrian Arab Republic,SYR,EMRO,OWID,2021-04-08,2500,2500,0.014,0.014,Gamaleya - Sputnik V,,1
Egypt,EGY,EMRO,REPORTING,2021-04-19,498708,,0.487,,"AstraZeneca - AZD1222,Beijing CNBG - Inactivated,Gamaleya - Sputnik V",2021-01-24,3
Estonia,EST,EURO,REPORTING,2021-04-11,333545,258755,25.1,19.47,"AstraZeneca - AZD1222,Moderna - mRNA-1273,Pfizer BioNTech - Comirnaty",2020-12-23,3
Djibouti,DJI,EMRO,REPORTING,2021-04-13,10246,,1.037,,"Beijing CNBG - Inactivated,Gamaleya - Sputnik V,SII - Covishield",2021-03-15,3
Tunisia,TUN,EMRO,REPORTING,2021-04-18,225900,,1.911,,"AstraZeneca - AZD1222,Gamaleya - Sputnik V,Pfizer BioNTech - Comirnaty",2021-03-13,3
Slovakia,SVK,EURO,REPORTING,2021-04-11,1151035,862035,21.1,15.794,"AstraZeneca - AZD1222,Moderna - mRNA-1273,Pfizer BioNTech - Comirnaty",2021-01-06,3
Latvia,LVA,EURO,REPORTING,2021-04-04,146261,121388,7.7,6.363,"AstraZeneca - AZD1222,Moderna - mRNA-1273,Pfizer BioNTech - Comirnaty",2020-12-23,3
Tuvalu,TUV,WPRO,REPORTING,2021-04-12,0,0,0.001,0.001,AstraZeneca - AZD1222,2021-04-12,1
Kenya,KEN,AFRO,REPORTING,2021-04-19,651650,651650,1.212,1.212,SII - Covishield,2021-03-05,1
Mauritania,MRT,AFRO,REPORTING,2021-04-19,6305,6305,0.136,0.136,Beijing CNBG - Inactivated,2021-03-26,1
Nicaragua,NIC,AMRO,REPORTING,2021-04-16,38628,38628,0.583,0.583,"Gamaleya - Sputnik V,SII - Covishield",2021-03-02,2
China,CHN,WPRO,REPORTING,2021-04-17,188090000,,12.784,,"Anhui ZL - Recombinant,Beijing CNBG - Inactivated,CanSino - Ad5-nCOV,Sinovac - CoronaVac,Wuhan CNBG - Inactivated",,5
Denmark,DNK,EURO,REPORTING,2021-04-11,1335834,882901,22.9,15.163,"AstraZeneca - AZD1222,Moderna - mRNA-1273,Pfizer BioNTech - Comirnaty",2020-12-30,3
Uganda,UGA,AFRO,REPORTING,2021-04-19,208708,208708,0.456,0.456,SII - Covishield,2021-03-10,1
Georgia,GEO,EURO,REPORTING,2021-04-11,19056,19056,0.5,0.478,"AstraZeneca - AZD1222,Pfizer BioNTech - Comirnaty",2021-03-17,2
Cameroon,CMR,AFRO,REPORTING,2021-04-19,2820,2820,0.011,0.011,SII - Covishield,2021-04-12,1
Azerbaijan,AZE,EURO,REPORTING,2021-04-11,692206,339271,6.8,3.346,Sinovac - CoronaVac,2021-03-10,1
Grenada,GRD,AMRO,REPORTING,2021-04-16,11266,11199,10.012,9.953,SII - Covishield,2021-02-15,1
Bolivia (Plurinational State of),BOL,AMRO,REPORTING,2021-04-16,511494,351322,4.382,3.01,"Beijing CNBG - Inactivated,Gamaleya - Sputnik V,SII - Covishield",2021-01-30,3
Seychelles,SYC,AFRO,REPORTING,2021-04-19,105813,64870,107.591,65.96,"Beijing CNBG - Inactivated,SII - Covishield",2021-01-10,2
Saint Kitts and Nevis,KNA,AMRO,REPORTING,2021-04-16,11152,11152,20.966,20.966,"AstraZeneca - AZD1222,SII - Covishield",2021-02-22,2
Austria,AUT,EURO,REPORTING,2021-04-11,2125016,1496185,23.9,16.809,"AstraZeneca - AZD1222,Moderna - mRNA-1273,Pfizer BioNTech - Comirnaty",2020-12-30,3
Côte d’Ivoire,CIV,AFRO,REPORTING,2021-04-19,92885,82455,0.352,0.313,SII - Covishield,2021-03-01,1
Turkey,TUR,EURO,OWID,2021-04-15,18494796,10907432,21.9,12.933,"Pfizer BioNTech - Comirnaty, Sinovac - CoronaVac",,2
Guatemala,GTM,AMRO,REPORTING,2021-04-16,150898,149078,0.842,0.832,"AstraZeneca - AZD1222,Moderna - mRNA-1273,SII - Covishield",2021-02-25,3
Martinique,MTQ,AMRO,REPORTING,2021-04-16,33734,26561,8.989,7.078,,,
Kuwait,KWT,EMRO,REPORTING,2021-04-14,800000,,18.733,,"AstraZeneca - AZD1222,Beijing CNBG - Inactivated,Pfizer BioNTech - Comirnaty",2020-12-28,3
Saba,XCA,AMRO,REPORTING,2021-04-16,,,,,,,
Dominican Republic,DOM,AMRO,REPORTING,2021-04-16,1000000,898472,9.218,8.282,"AstraZeneca - AZD1222,SII - Covishield,Sinovac - CoronaVac",2021-02-16,3
Guyana,GUY,AMRO,REPORTING,2021-04-16,48454,48454,6.16,6.16,"AstraZeneca - AZD1222,Beijing CNBG - Inactivated,Gamaleya - Sputnik V,SII - Covishield",2021-02-11,4
Canada,CAN,AMRO,REPORTING,2021-04-16,9205307,8350721,24.39,22.126,"Moderna - mRNA-1273,Pfizer BioNTech - Comirnaty,SII - Covishield",2020-12-14,3
Japan,JPN,WPRO,REPORTING,2021-04-19,1853729,1175324,1.466,0.929,"AstraZeneca - AZD1222,Moderna - mRNA-1273,Novavax - Covavax,Pfizer BioNTech - Comirnaty",2021-02-17,4
Andorra,AND,EURO,OWID,2021-04-12,17091,,22.1,,"AstraZeneca - AZD1222, Pfizer BioNTech - Comirnaty",,2
Northern Mariana Islands (Commonwealth of the),MNP,WPRO,REPORTING,2021-04-19,35730,20455,62.078,35.539,"Janssen - Ad26.COV 2.5,Moderna - mRNA-1273,Pfizer BioNTech - Comirnaty",2020-12-19,3
Mozambique,MOZ,AFRO,REPORTING,2021-04-19,70000,70000,0.224,0.224,Beijing CNBG - Inactivated,2021-03-08,1
Eswatini,SWZ,AFRO,REPORTING,2021-04-19,31846,31846,2.745,2.745,SII - Covishield,2021-03-19,1
Republic of Moldova,MDA,EURO,REPORTING,2021-04-11,64374,64374,1.6,1.596,"AstraZeneca - AZD1222,Beijing CNBG - Inactivated,Pfizer BioNTech - Comirnaty",2021-03-03,3
Croatia,HRV,EURO,REPORTING,2021-04-11,590022,476911,14.5,11.795,"AstraZeneca - AZD1222,Moderna - mRNA-1273,Pfizer BioNTech - Comirnaty",2020-12-23,3
Benin,BEN,AFRO,REPORTING,2021-04-19,5284,5284,0.044,0.044,"SII - Covishield,Sinovac - CoronaVac",2021-03-29,2
Iceland,ISL,EURO,REPORTING,2021-04-11,89131,61073,24.5,16.772,"AstraZeneca - AZD1222,Moderna - mRNA-1273,Pfizer BioNTech - Comirnaty",2020-12-30,3
Serbia,SRB,EURO,OWID,2021-04-15,2882854,1716843,41.6,24.786,"AstraZeneca - AZD1222, Pfizer BioNTech - Comirnaty, Beijing CNBG - Inactivated, Gamaleya - Sputnik V",,4
Suriname,SUR,AMRO,REPORTING,2021-04-16,34129,34129,5.818,5.818,"AstraZeneca - AZD1222,SII - Covishield",2021-02-23,2
Monaco,MCO,EURO,OWID,2021-04-02,20510,11715,52.3,29.852,Pfizer BioNTech - Comirnaty,,1
Saint Lucia,LCA,AMRO,REPORTING,2021-04-16,23448,23428,12.769,12.758,"AstraZeneca - AZD1222,SII - Covishield",2021-02-17,2
Iraq,IRQ,EMRO,REPORTING,2021-04-19,190264,,0.473,,"AstraZeneca - AZD1222,Beijing CNBG - Inactivated,Gamaleya - Sputnik V,Pfizer BioNTech - Comirnaty",2021-03-02,4
Falkland Islands (Malvinas),FLK,AMRO,OWID,2021-04-07,4322,2605,124.088,74.792,AstraZeneca - AZD1222,,1
San Marino,SMR,EURO,REPORTING,2021-04-11,16624,8966,49,26.419,"Gamaleya - Sputnik V,Pfizer BioNTech - Comirnaty",2021-02-24,2
Armenia,ARM,EURO,OWID,2021-03-31,565,565,0,0.019,Gamaleya - Sputnik V,,1
Malaysia,MYS,WPRO,REPORTING,2021-04-16,1105890,671589,3.417,2.075,"AstraZeneca - AZD1222,CanSino - Ad5-nCOV,Gamaleya - Sputnik V,Pfizer BioNTech - Comirnaty,Sinovac - CoronaVac",2021-02-24,5
Fiji,FJI,WPRO,REPORTING,2021-04-05,6278,6278,0.7,0.7,AstraZeneca - AZD1222,2021-03-10,1
Australia,AUS,WPRO,REPORTING,2021-04-17,1496608,,5.869,,"AstraZeneca - AZD1222,Novavax - Covavax,Pfizer BioNTech - Comirnaty",2021-02-22,3
Norway,NOR,EURO,REPORTING,2021-04-11,1017654,737176,19,13.734,"AstraZeneca - AZD1222,Moderna - mRNA-1273,Pfizer BioNTech - Comirnaty",2021-03-31,3
Saint Vincent and the Grenadines,VCT,AMRO,REPORTING,2021-04-16,12181,12027,10.98,10.841,"AstraZeneca - AZD1222,Gamaleya - Sputnik V,SII - Covishield",2021-02-01,3
Cabo Verde,CPV,AFRO,REPORTING,2021-04-19,11719,9236,2.108,1.661,"Pfizer BioNTech - Comirnaty,SII - Covishield",2021-03-18,2
Thailand,THA,SEARO,REPORTING,2021-04-08,466374,405911,0.668,0.582,"Janssen - Ad26.COV 2.5,Sinovac - CoronaVac",2021-02-28,2
Timor-Leste,TLS,SEARO,REPORTING,2021-04-10,859,859,0.065,0.065,SII - Covishield,2021-04-07,1
Afghanistan,AFG,EMRO,REPORTING,2021-04-19,206500,,0.53,,"Beijing CNBG - Inactivated,Pfizer BioNTech - Comirnaty,SII - Covishield",2021-02-22,3
Nigeria,NGA,AFRO,REPORTING,2021-04-19,966205,966205,0.469,0.469,SII - Covishield,2021-03-05,1
Mongolia,MNG,WPRO,REPORTING,2021-04-16,627404,624736,19.138,19.057,"AstraZeneca - AZD1222,Beijing CNBG - Inactivated,Gamaleya - Sputnik V,Moderna - mRNA-1273,Pfizer BioNTech - Comirnaty,SII - Covishield",2021-02-23,6
Cyprus,CYP,EURO,REPORTING,2021-04-11,187100,134210,21.1,15.114,"AstraZeneca - AZD1222,Moderna - mRNA-1273,Pfizer BioNTech - Comirnaty",2020-12-23,3
Liechtenstein,LIE,OTHER,OWID,2021-04-14,8275,5305,21.356,13.691,"Moderna - mRNA-1273, Pfizer BioNTech - Comirnaty",,2
Malawi,MWI,AFRO,REPORTING,2021-04-19,257754,257754,1.347,1.347,SII - Covishield,2021-03-11,1
Ukraine,UKR,EURO,OWID,2021-04-12,378269,378264,0.9,0.865,"AstraZeneca - AZD1222,Pfizer BioNTech - Comirnaty",2021-02-10,2
Montenegro,MNE,EURO,REPORTING,2021-04-11,43792,35852,7,5.708,"AstraZeneca - AZD1222,Beijing CNBG - Inactivated,Gamaleya - Sputnik V",2021-02-24,3
Ecuador,ECU,AMRO,REPORTING,2021-04-16,460468,319800,2.61,1.813,"AstraZeneca - AZD1222,Pfizer BioNTech - Comirnaty,Sinovac - CoronaVac",2021-01-21,3
occupied Palestinian territory,PSE,EMRO,REPORTING,2021-04-12,172735,,3.386,,"AstraZeneca - AZD1222,Beijing CNBG - Inactivated,Gamaleya - Sputnik V,Moderna - mRNA-1273,Pfizer BioNTech - Comirnaty",2021-02-02,5
Colombia,COL,AMRO,REPORTING,2021-04-16,3455084,2407129,6.79,4.731,"AstraZeneca - AZD1222,Pfizer BioNTech - Comirnaty,Sinovac - CoronaVac",2021-02-17,3
Senegal,SEN,AFRO,REPORTING,2021-04-19,432681,372311,2.584,2.224,SII - Covishield,2021-02-23,1
Israel,ISR,EURO,REPORTING,2021-04-11,10243610,5318862,118.3,61.45,"Moderna - mRNA-1273,Pfizer BioNTech - Comirnaty",2020-12-16,2
Poland,POL,EURO,REPORTING,2021-04-11,7569268,5474056,19.9,14.421,"AstraZeneca - AZD1222,Moderna - mRNA-1273,Pfizer BioNTech - Comirnaty",2020-12-23,3
Anguilla,AIA,AMRO,REPORTING,2021-04-16,6160,5970,41.061,39.795,AstraZeneca - AZD1222,2021-02-05,1
Lebanon,LBN,EMRO,REPORTING,2021-04-15,325644,,4.771,,"AstraZeneca - AZD1222,Beijing CNBG - Inactivated,Gamaleya - Sputnik V,Pfizer BioNTech - Comirnaty",2021-02-14,4
Mauritius,MUS,AFRO,REPORTING,2021-04-19,197646,197646,15.541,15.541,"Beijing CNBG - Inactivated,Bharat - Covaxin,SII - Covishield",2021-01-26,3
Guam,GUM,WPRO,REPORTING,2021-03-28,111470,69439,66.047,41.143,Pfizer BioNTech - Comirnaty,2021-01-04,1
Sudan,SDN,EMRO,REPORTING,2021-04-04,49932,,0.114,,"Pfizer BioNTech - Comirnaty,SII - Covishield",2021-03-09,2
Lao People's Democratic Republic,LAO,WPRO,REPORTING,2021-04-18,137026,106105,1.883,1.458,"Beijing CNBG - Inactivated,Gamaleya - Sputnik V,Pfizer BioNTech - Comirnaty,SII - Covishield",2020-11-25,4
North Macedonia,MKD,EURO,REPORTING,2021-04-11,29842,23913,1.4,1.148,"AstraZeneca - AZD1222,Gamaleya - Sputnik V,Pfizer BioNTech - Comirnaty",2021-02-17,3
Singapore,SGP,WPRO,REPORTING,2021-04-06,1667522,1131658,28.503,19.343,"AstraZeneca - AZD1222,Moderna - mRNA-1273,Pfizer BioNTech - Comirnaty",2020-12-30,3
South Sudan,SSD,AFRO,REPORTING,2021-04-19,2089,2089,0.019,0.019,SII - Covishield,2021-04-06,1
Bermuda,BMU,AMRO,REPORTING,2021-04-16,45761,25901,73.484,41.593,"AstraZeneca - AZD1222,Pfizer BioNTech - Comirnaty",2021-01-11,2
Philippines,PHL,WPRO,REPORTING,2021-04-16,1371057,1187282,1.251,1.083,"AstraZeneca - AZD1222,Beijing CNBG - Inactivated,Bharat - Covaxin,Gamaleya - Sputnik V,Janssen - Ad26.COV 2.5,Moderna - mRNA-1273,Novavax - Covavax,Pfizer BioNTech - Comirnaty,Sinovac - CoronaVac",2021-03-01,9
"Bonaire, Sint Eustatius and Saba",BES,AMRO,REPORTING,2021-04-09,7391,5726,28.441,22.034,"Moderna - mRNA-1273,Pfizer BioNTech - Comirnaty",2021-02-22,2
Cayman Islands,CYM,AMRO,REPORTING,2021-04-16,60637,33544,92.266,51.041,Pfizer BioNTech - Comirnaty,2021-01-15,1
Curaçao,CUW,AMRO,REPORTING,2021-04-16,53519,41117,32.615,25.057,"AstraZeneca - AZD1222,Moderna - mRNA-1273,Pfizer BioNTech - Comirnaty",2021-02-24,3
New Caledonia,NCL,WPRO,REPORTING,2021-03-25,26676,19940,9.344,6.984,Pfizer BioNTech - Comirnaty,2021-01-20,1
Kazakhstan,KAZ,EURO,REPORTING,2021-04-04,496343,380809,2.6,2.028,Gamaleya - Sputnik V,2021-03-17,1
Togo,TGO,AFRO,REPORTING,2021-04-19,162950,160271,1.968,1.936,SII - Covishield,2021-03-10,1
Sao Tome and Principe,STP,AFRO,REPORTING,2021-04-19,12367,12367,5.643,5.643,"AstraZeneca - AZD1222,SII - Covishield",2021-03-15,2
Faroe Islands,FRO,EURO,OWID,2021-04-15,14305,9528,29.275,19.499,"Moderna - mRNA-1273, Pfizer BioNTech - Comirnaty",,2
Pakistan,PAK,EMRO,REPORTING,2021-04-19,1426495,,0.646,,"Beijing CNBG - Inactivated,CanSino - Ad5-nCOV,Gamaleya - Sputnik V,SII - Covishield,Sinovac - CoronaVac",2021-02-03,5
Aruba,ABW,AMRO,REPORTING,2021-04-16,48254,36112,45.196,33.824,Pfizer BioNTech - Comirnaty,2021-02-17,1
Switzerland,CHE,EURO,OWID,2021-04-11,1807703,1121455,20.9,12.958,"Moderna - mRNA-1273, Pfizer BioNTech - Comirnaty",,2
